
create table nums(
	id serial,
	num int
);

insert into nums(num) values (7),(14),(13),(10),(61),(97),(22),(22),(64),(93),(15),(89),(77),(79),(73),(57),(87),(69),(11),(25),(11),(57),(34),(30),(23),(40),(40),(40),(37),(33),(96),(52),(65),(54),(8),(21),(11),(21),(20),(92),(62),(38),(55),(44),(33),(33),(21),(16),(3),(68),(46),(55),(17),(43),(30),(69),(4),(71),(54),(98),(35),(43),(66),(90),(9),(40),(91),(92),(61),(69),(59),(87),(45),(92),(87),(69),(55),(55),(94),(68),(87),(90),(83),(39),(89),(15),(12),(3),(74),(34),(20),(23),(63),(25),(53),(87),(6),(77),(9),(31),(33),(48),(49),(39),(87),(60),(84),(55),(7),(21),(58),(73),(20),(86),(21),(16),(98),(81),(38),(56),(30),(63),(5),(71),(17),(67),(90),(93),(37),(40),(45),(41),(18),(23),(3),(94),(71),(11),(69),(10),(34),(99),(64),(65),(27),(51),(80),(86),(68),(55),(40),(13),(15),(3),(40),(75),(15),(7),(43),(69),(28),(14),(5),(48),(57),(91),(44),(98),(65),(95),(70),(54),(93),(84),(87),(36),(76),(18),(10),(82),(6),(28),(95),(26),(50),(72),(71),(55),(46),(57),(46),(19),(37),(4),(82),(59),(4),(38),(45),(91),(62),(58),(85),(14),(3),(18),(58),(44),(15),(6),(93),(43),(36),(98),(30),(36),(46),(29),(83),(65),(19),(97),(88),(23),(19),(29),(28),(99),(53),(70),(66),(69),(17),(89),(37),(25),(69),(70),(63),(35),(35),(24),(79),(11),(6),(50),(76),(67),(75),(89),(71),(91),(45),(76),(6),(90),(98),(16),(58),(2),(93),(62),(97),(11),(10),(97),(19),(18),(9),(7),(35),(66),(87),(22),(7),(76),(40),(83),(74),(29),(16),(70),(95),(100),(26),(38),(35),(75),(44),(97),(9),(9),(74),(46),(44),(56),(63),(45),(77),(52),(75),(25),(89),(72),(19),(90),(56),(22),(93),(82),(32),(29),(49),(38),(69),(17),(37),(95),(38),(57),(15),(60),(20),(80),(47),(27),(84),(22),(54),(82),(8),(8),(73),(89),(1),(91),(62),(56),(3),(93),(72),(89),(41),(55),(23),(88),(28),(61),(82),(53),(55),(57),(48),(1),(74),(74),(84),(96),(70),(7),(63),(36),(64),(78),(19),(89),(52),(65),(9),(53),(80),(71),(46),(52),(89),(15),(57),(21),(54),(84),(68),(40),(68),(36),(59),(91),(91),(72),(14),(98),(77),(33),(13),(13),(3),(43),(43),(83),(68),(83),(64),(87),(86),(42),(27),(39),(17),(47),(89),(1),(10),(97),(95),(38),(99),(100),(24),(1),(38),(19),(52),(32),(55),(46),(50),(75),(31),(29),(84),(47),(49),(58),(90),(80),(28),(2),(64),(35),(52),(55),(35),(52),(13),(44),(4),(36),(10),(81),(64),(78),(58),(50),(5),(55),(97),(92),(80),(22),(23),(61),(67),(29),(71),(73),(95),(94),(18),(28),(80),(86),(1),(81),(34),(14),(40),(45),(21),(35),(99),(66),(12),(88),(66),(89),(86),(95),(59),(36),(96),(56),(76),(70),(84),(100),(79),(27),(14),(39),(56),(8),(94),(21),(68),(20),(83),(76),(94),(32),(35),(2),(100),(72),(28),(79),(67),(55),(71),(6),(30),(82),(72),(9),(22),(96),(24),(7),(4),(96),(50),(38),(6),(64),(77),(82),(17),(53),(31),(84),(98),(43),(71),(66),(47),(100),(25),(99),(47),(48),(25),(70),(73),(30),(55),(93),(40),(50),(70),(12),(35),(37),(70),(16),(99),(8),(16),(98),(32),(51),(26),(56),(75),(95),(36),(3),(73),(18),(19),(69),(89),(85),(74),(20),(39),(12),(4),(47),(2),(62),(60),(66),(90),(10),(77),(21),(15),(27),(57),(92),(5),(49),(94),(48),(94),(67),(20),(27),(5),(100),(94),(6),(34),(45),(47),(32),(100),(29),(47),(29),(61),(29),(21),(51),(7),(31),(43),(95),(6),(95),(14),(100),(16),(16),(80),(57),(64),(44),(92),(40),(10),(15),(63),(83),(86),(60),(70),(19),(18),(21),(35),(41),(54),(96),(75),(95),(95),(81),(87),(41),(9),(77),(75),(64),(45),(8),(79),(95),(11),(17),(24),(40),(7),(31),(32),(1),(66),(73),(90),(2),(75),(61),(32),(29),(67),(85),(6),(13),(83),(90),(81),(65),(54),(100),(59),(92),(15),(25),(54),(28),(62),(16),(66),(48),(12),(14),(66),(66),(20),(67),(50),(74),(50),(82),(35),(6),(58),(26),(12),(83),(39),(84),(46),(76),(81),(77),(29),(16),(84),(41),(99),(39),(51),(25),(38),(5),(49),(93),(1),(85),(2),(22),(18),(39),(53),(60),(4),(74),(71),(97),(56),(55),(23),(19),(15),(66),(11),(54),(88),(85),(22),(32),(67),(14),(93),(40),(2),(36),(88),(43),(3),(76),(54),(43),(69),(90),(78),(76),(97),(18),(1),(19),(62),(85),(42),(7),(13),(81),(3),(55),(61),(40),(89),(61),(100),(33),(91),(28),(88),(20),(37),(10),(65),(7),(87),(100),(84),(71),(11),(12),(91),(94),(48),(3),(93),(64),(53),(62),(82),(72),(64),(85),(37),(68),(88),(6),(13),(48),(67),(53),(35),(89),(41),(20),(20),(93),(23),(53),(39),(6),(55),(74),(88),(89),(100),(34),(96),(18),(11),(78),(19),(21),(20),(90),(34),(37),(9),(59),(68),(20),(87),(82),(66),(31),(87),(32),(85),(28),(32),(69),(14),(65),(71),(62),(91),(70),(61),(36),(8),(27),(83),(74),(37),(36),(21),(18),(69),(47),(4),(44),(38),(29),(48),(100),(75),(50),(61),(16),(97),(31),(72),(92),(36),(73),(76),(54),(97),(30),(63),(41),(31),(29),(59),(4),(39),(89),(87),(84),(8),(29),(36),(6),(76),(79),(70),(19),(44),(67),(19),(57),(32),(51),(63),(27),(35),(57),(62),(43),(71),(58),(91),(81),(53),(7),(97),(40),(39),(49),(63),(18),(53),(74),(59),(33),(27),(12),(16),(7),(57),(14),(21),(61),(59),(77),(56),(97),(90),(45),(3),(36),(92),(57),(36),(56),(9),(97),(24),(76),(19),(51),(1),(5),(70),(73),(84),(24),(85),(28),(25),(57),(37),(62),(34),(15),(88),(60),(27),(67),(19),(23),(31);


create table customer(
	id int Primary Key,
	name text
);

insert into customer values
(1, 'Ryan'), (2, 'Livia'), (3, 'Felix'), (4, 'Vulcan'), (5, 'Wyvern');

create table drinks(
	id int Primary Key,
	name text
);

insert into drinks values
(1, 'Wine'), (2, 'Rum');


create table bar(
	customer int references customer,
	drinks int references drinks,
	date timestamp
);

insert into bar values
(2,1,'1921-05-09 01:16:52'),(3,2,'1921-05-09 02:28:54'),(1,1,'1921-05-09 05:12:44'),(2,2,'1921-05-09 05:39:55'),(4,1,'1921-05-09 01:31:34'),(4,1,'1921-05-08 23:21:11'),(5,2,'1921-05-09 00:50:20'),(1,1,'1921-05-08 21:21:46'),(2,1,'1921-05-09 03:44:33'),(1,1,'1921-05-08 22:16:36'),(4,1,'1921-05-08 21:31:48'),(5,1,'1921-05-09 03:11:59'),(5,1,'1921-05-09 03:35:26'),(4,2,'1921-05-08 23:37:57'),(5,1,'1921-05-09 03:22:43'),(3,2,'1921-05-08 23:46:43'),(4,2,'1921-05-09 04:50:31'),(4,1,'1921-05-08 21:11:26'),(4,2,'1921-05-08 21:14:17'),(2,2,'1921-05-08 23:48:39'),(2,1,'1921-05-08 22:31:12'),(5,2,'1921-05-08 23:42:25'),(1,2,'1921-05-09 01:45:38'),(4,2,'1921-05-09 03:28:59'),(4,2,'1921-05-09 05:40:27'),(4,1,'1921-05-09 04:18:33'),(5,1,'1921-05-09 02:32:38'),(4,1,'1921-05-09 01:10:41'),(5,1,'1921-05-08 23:29:29'),(5,2,'1921-05-09 02:11:34'),(5,2,'1921-05-08 22:54:12'),(1,1,'1921-05-08 22:24:53'),(2,2,'1921-05-08 22:40:48'),(2,1,'1921-05-08 21:30:20'),(2,1,'1921-05-09 04:26:16'),(5,1,'1921-05-08 23:33:28'),(2,2,'1921-05-08 23:55:38'),(1,1,'1921-05-08 22:44:48'),(5,1,'1921-05-08 22:46:43'),(4,1,'1921-05-09 05:17:26'),(4,2,'1921-05-09 00:59:44'),(3,1,'1921-05-08 22:18:26'),(2,1,'1921-05-09 04:46:30'),(1,1,'1921-05-09 05:46:53'),(2,1,'1921-05-08 21:55:54'),(1,1,'1921-05-08 21:23:43'),(4,1,'1921-05-09 00:26:48'),(4,2,'1921-05-09 00:57:13'),(5,2,'1921-05-08 21:32:30'),(1,2,'1921-05-08 22:57:37'),(2,1,'1921-05-08 23:28:35'),(4,1,'1921-05-09 01:31:57'),(1,1,'1921-05-09 05:32:24'),(5,2,'1921-05-09 03:21:39'),(1,1,'1921-05-08 22:24:26'),(2,1,'1921-05-09 00:14:22'),(4,2,'1921-05-09 02:40:11'),(4,1,'1921-05-08 23:26:25'),(5,1,'1921-05-08 22:43:54'),(3,2,'1921-05-08 21:43:32'),(2,1,'1921-05-09 00:30:43'),(4,1,'1921-05-08 22:47:31'),(4,2,'1921-05-08 21:24:44'),(4,2,'1921-05-08 21:21:50'),(4,1,'1921-05-08 23:16:23'),(4,2,'1921-05-09 03:57:32'),(5,1,'1921-05-08 21:12:51'),(2,2,'1921-05-08 22:46:10'),(2,2,'1921-05-08 21:28:46'),(3,2,'1921-05-08 23:33:33'),(1,2,'1921-05-08 22:35:44'),(5,2,'1921-05-08 22:43:48'),(3,2,'1921-05-09 00:13:30'),(4,1,'1921-05-09 05:23:10'),(3,1,'1921-05-09 01:23:14'),(3,2,'1921-05-08 22:49:15'),(4,1,'1921-05-09 01:12:58'),(3,1,'1921-05-09 04:35:37'),(4,1,'1921-05-09 03:51:35'),(3,2,'1921-05-09 00:21:22'),(5,1,'1921-05-08 23:18:53'),(2,2,'1921-05-09 01:23:18'),(1,2,'1921-05-09 03:55:52'),(5,1,'1921-05-09 05:36:59'),(2,1,'1921-05-09 01:14:15'),(3,2,'1921-05-08 23:56:40'),(3,2,'1921-05-09 02:17:46'),(2,1,'1921-05-08 23:56:58'),(3,1,'1921-05-08 21:53:20'),(1,1,'1921-05-09 00:14:38'),(1,1,'1921-05-08 21:45:36'),(5,2,'1921-05-09 00:46:45'),(3,2,'1921-05-08 22:10:49'),(2,2,'1921-05-09 04:56:51'),(1,1,'1921-05-09 01:27:10'),(2,1,'1921-05-08 21:41:59'),(5,2,'1921-05-08 21:10:22'),(3,2,'1921-05-08 23:57:43'),(2,2,'1921-05-08 22:19:10'),(1,2,'1921-05-09 03:24:44'),(1,1,'1921-05-09 00:20:17'),(5,1,'1921-05-09 01:43:18'),(4,1,'1921-05-08 21:32:20'),(2,1,'1921-05-08 23:39:10'),(4,1,'1921-05-09 01:12:23'),(3,2,'1921-05-08 23:49:13'),(2,1,'1921-05-09 01:33:34'),(2,2,'1921-05-09 05:41:47'),(3,2,'1921-05-09 05:18:27'),(2,1,'1921-05-09 04:34:40'),(2,2,'1921-05-09 00:36:22'),(2,1,'1921-05-09 01:34:18'),(1,2,'1921-05-09 02:50:31'),(4,1,'1921-05-08 22:51:59'),(4,2,'1921-05-09 01:13:18'),(3,1,'1921-05-08 23:43:36'),(1,1,'1921-05-09 05:44:14'),(1,1,'1921-05-09 00:13:29'),(3,1,'1921-05-08 23:30:47'),(5,1,'1921-05-09 05:50:17'),(5,2,'1921-05-09 00:34:41'),(5,2,'1921-05-09 03:19:14'),(1,1,'1921-05-09 04:46:54'),(4,1,'1921-05-09 01:26:35'),(2,1,'1921-05-09 01:55:11'),(3,1,'1921-05-08 23:57:28'),(1,2,'1921-05-08 23:47:52'),(1,1,'1921-05-09 01:47:30'),(1,2,'1921-05-09 00:44:15'),(3,2,'1921-05-09 01:55:55'),(5,2,'1921-05-08 22:41:22'),(5,2,'1921-05-08 23:29:24'),(3,2,'1921-05-09 00:47:28'),(2,1,'1921-05-09 05:11:28'),(4,2,'1921-05-09 00:18:37'),(2,2,'1921-05-08 21:56:53'),(3,2,'1921-05-08 23:50:29'),(4,1,'1921-05-08 21:27:17'),(1,2,'1921-05-08 21:17:56'),(3,1,'1921-05-08 21:20:53'),(3,1,'1921-05-08 23:32:33'),(3,1,'1921-05-08 22:10:29'),(2,1,'1921-05-09 01:33:38'),(3,2,'1921-05-09 04:46:31'),(4,2,'1921-05-09 05:59:58'),(4,2,'1921-05-08 22:52:24'),(4,2,'1921-05-08 22:51:13'),(4,2,'1921-05-09 02:35:33'),(3,1,'1921-05-08 22:20:17'),(3,2,'1921-05-09 02:38:49'),(2,1,'1921-05-08 22:17:50'),(2,2,'1921-05-09 04:14:20'),(4,2,'1921-05-09 00:46:45'),(2,1,'1921-05-09 01:16:35'),(5,2,'1921-05-08 23:57:32'),(4,2,'1921-05-08 22:44:29'),(2,2,'1921-05-09 05:37:28'),(3,1,'1921-05-09 05:43:56'),(3,2,'1921-05-09 05:51:16'),(5,1,'1921-05-09 03:57:57'),(5,2,'1921-05-08 23:44:54'),(2,2,'1921-05-08 21:43:32'),(5,2,'1921-05-09 05:49:11'),(3,1,'1921-05-08 23:55:10'),(5,1,'1921-05-09 02:50:50'),(5,1,'1921-05-08 23:50:55'),(5,2,'1921-05-09 04:10:19'),(5,1,'1921-05-08 21:55:34'),(1,1,'1921-05-09 04:52:25'),(3,1,'1921-05-08 22:16:27'),(2,1,'1921-05-08 23:50:12'),(4,1,'1921-05-08 22:40:33'),(1,2,'1921-05-09 02:27:58'),(2,1,'1921-05-08 23:13:51'),(4,2,'1921-05-09 00:55:42'),(3,1,'1921-05-09 04:20:35'),(3,1,'1921-05-08 21:38:52'),(3,2,'1921-05-08 22:33:19'),(1,1,'1921-05-09 00:39:24'),(4,1,'1921-05-08 22:25:23'),(4,1,'1921-05-09 03:11:52'),(4,1,'1921-05-09 04:37:22'),(5,1,'1921-05-09 03:31:29'),(2,2,'1921-05-08 21:26:46'),(5,2,'1921-05-08 22:19:54'),(5,2,'1921-05-08 23:40:36'),(4,2,'1921-05-09 02:14:46'),(3,2,'1921-05-09 01:43:25'),(3,2,'1921-05-09 02:53:15'),(4,1,'1921-05-09 05:15:50'),(2,1,'1921-05-08 22:14:52'),(1,2,'1921-05-09 01:46:58'),(5,2,'1921-05-09 01:14:46'),(3,1,'1921-05-09 02:16:58'),(3,1,'1921-05-08 21:23:26'),(2,1,'1921-05-09 05:54:44'),(3,1,'1921-05-08 22:49:46'),(4,2,'1921-05-09 04:58:23'),(3,2,'1921-05-08 22:17:49'),(1,1,'1921-05-08 21:34:59'),(3,1,'1921-05-08 23:54:37'),(5,2,'1921-05-09 03:28:43'),(1,2,'1921-05-08 22:46:53'),(3,2,'1921-05-09 05:19:49'),(3,2,'1921-05-09 04:59:43'),(2,1,'1921-05-09 01:15:46'),(3,2,'1921-05-08 21:20:34'),(4,2,'1921-05-08 21:29:36'),(4,2,'1921-05-08 23:41:44'),(4,1,'1921-05-09 01:26:54'),(5,1,'1921-05-08 21:35:16'),(5,1,'1921-05-09 03:37:43'),(2,2,'1921-05-08 23:29:43'),(3,1,'1921-05-08 22:55:40'),(4,1,'1921-05-09 00:14:18'),(4,1,'1921-05-08 23:53:14'),(5,1,'1921-05-08 23:35:30'),(2,2,'1921-05-09 04:45:44'),(1,2,'1921-05-09 00:39:37'),(4,1,'1921-05-08 22:22:39'),(1,1,'1921-05-09 02:40:23'),(3,1,'1921-05-09 02:20:10'),(1,1,'1921-05-09 01:47:17'),(3,1,'1921-05-09 03:40:51'),(5,2,'1921-05-08 21:11:53'),(2,2,'1921-05-08 22:27:57'),(5,1,'1921-05-08 22:50:16'),(1,1,'1921-05-08 22:11:51'),(4,1,'1921-05-08 21:12:32'),(4,2,'1921-05-08 21:12:17'),(2,1,'1921-05-08 23:17:43'),(5,1,'1921-05-09 00:39:22'),(3,1,'1921-05-08 21:27:22'),(1,2,'1921-05-09 04:29:14'),(3,1,'1921-05-09 00:16:58'),(1,2,'1921-05-09 04:14:14'),(3,2,'1921-05-08 23:36:17'),(4,1,'1921-05-09 03:12:49'),(4,1,'1921-05-09 03:22:59'),(4,1,'1921-05-09 02:24:15'),(1,1,'1921-05-08 22:45:28'),(3,1,'1921-05-08 22:29:22'),(2,1,'1921-05-09 01:17:16'),(1,2,'1921-05-09 04:31:44'),(3,2,'1921-05-09 05:56:10'),(2,1,'1921-05-09 05:13:42'),(1,1,'1921-05-08 22:52:31'),(4,2,'1921-05-09 02:26:29'),(2,1,'1921-05-08 22:46:56'),(2,2,'1921-05-08 22:34:29'),(4,1,'1921-05-08 22:23:38'),(1,1,'1921-05-08 23:45:23'),(1,1,'1921-05-09 02:21:47'),(3,1,'1921-05-08 22:57:14'),(3,1,'1921-05-09 00:10:17'),(3,1,'1921-05-09 04:50:17'),(3,1,'1921-05-09 02:37:54'),(1,1,'1921-05-09 03:39:14'),(1,1,'1921-05-09 04:36:11'),(1,2,'1921-05-08 23:45:35'),(4,2,'1921-05-08 22:45:13'),(2,2,'1921-05-09 05:38:57'),(1,1,'1921-05-08 22:57:10'),(3,1,'1921-05-09 02:57:28'),(4,1,'1921-05-08 22:12:18'),(1,2,'1921-05-08 21:36:43'),(3,1,'1921-05-09 01:49:13'),(2,1,'1921-05-08 21:51:52'),(4,2,'1921-05-08 21:28:33'),(2,2,'1921-05-09 03:10:28'),(4,2,'1921-05-08 22:46:55'),(4,1,'1921-05-09 01:57:26'),(4,1,'1921-05-09 01:54:27'),(1,1,'1921-05-08 23:18:34'),(3,1,'1921-05-08 21:31:34'),(2,1,'1921-05-09 00:40:30'),(5,2,'1921-05-08 22:32:10'),(5,1,'1921-05-08 21:50:51'),(2,2,'1921-05-09 05:25:17'),(2,2,'1921-05-08 21:50:21'),(1,2,'1921-05-09 05:54:15'),(1,2,'1921-05-08 22:33:41'),(3,1,'1921-05-09 02:31:50'),(1,1,'1921-05-09 00:34:49'),(4,2,'1921-05-09 00:49:16'),(3,2,'1921-05-09 02:39:39'),(5,1,'1921-05-08 21:22:12'),(3,1,'1921-05-09 05:28:14'),(5,1,'1921-05-08 21:15:10'),(3,2,'1921-05-09 00:48:53'),(5,1,'1921-05-09 00:27:26'),(5,2,'1921-05-09 00:42:19'),(2,1,'1921-05-08 22:13:28'),(2,2,'1921-05-09 05:43:52'),(2,1,'1921-05-08 21:50:40'),(1,1,'1921-05-09 04:29:28'),(3,1,'1921-05-08 22:50:28'),(1,2,'1921-05-08 23:48:22'),(3,1,'1921-05-08 22:15:23'),(2,2,'1921-05-09 02:26:26'),(1,1,'1921-05-08 23:41:55'),(2,2,'1921-05-08 22:25:52'),(2,1,'1921-05-09 00:11:33'),(4,1,'1921-05-08 23:14:52'),(2,2,'1921-05-09 02:47:31'),(4,2,'1921-05-09 01:33:37'),(3,2,'1921-05-08 21:23:45'),(2,1,'1921-05-09 04:45:29'),(3,2,'1921-05-09 01:49:35'),(1,2,'1921-05-09 01:53:39'),(2,2,'1921-05-09 04:12:56'),(3,2,'1921-05-09 02:28:14'),(2,2,'1921-05-08 21:50:50'),(3,2,'1921-05-08 22:27:20'),(2,2,'1921-05-08 22:33:59'),(1,2,'1921-05-09 03:35:52'),(2,2,'1921-05-08 21:31:39'),(3,2,'1921-05-09 04:48:45'),(5,2,'1921-05-09 04:30:45'),(3,1,'1921-05-08 21:13:47'),(3,2,'1921-05-09 03:19:47'),(1,2,'1921-05-09 03:19:55'),(2,2,'1921-05-09 01:43:27'),(4,1,'1921-05-09 00:36:47'),(3,1,'1921-05-09 01:58:25'),(5,1,'1921-05-09 04:43:28'),(4,2,'1921-05-09 00:44:45'),(4,1,'1921-05-08 22:38:13'),(1,1,'1921-05-09 02:13:11'),(1,1,'1921-05-08 22:29:11'),(1,2,'1921-05-09 04:13:49'),(2,1,'1921-05-09 05:30:18'),(5,2,'1921-05-08 23:30:55'),(5,1,'1921-05-08 23:16:55'),(2,1,'1921-05-08 22:46:54'),(2,2,'1921-05-09 01:59:53'),(4,2,'1921-05-08 22:57:37'),(4,1,'1921-05-08 22:39:29'),(5,1,'1921-05-09 05:12:30'),(3,2,'1921-05-09 04:16:33'),(4,2,'1921-05-08 23:34:24'),(2,1,'1921-05-09 05:37:58'),(4,1,'1921-05-09 04:42:35'),(5,1,'1921-05-09 02:38:50'),(1,2,'1921-05-08 21:10:50'),(1,2,'1921-05-08 23:12:35'),(5,2,'1921-05-09 05:54:28'),(5,1,'1921-05-09 02:11:50'),(4,2,'1921-05-09 02:44:40'),(5,2,'1921-05-09 02:45:42'),(5,1,'1921-05-09 01:48:41'),(2,1,'1921-05-09 03:30:47'),(1,1,'1921-05-09 00:54:44'),(4,2,'1921-05-09 05:25:38'),(1,1,'1921-05-09 01:36:31'),(3,1,'1921-05-09 02:18:10'),(4,2,'1921-05-09 02:10:40'),(4,1,'1921-05-08 23:14:55'),(2,1,'1921-05-08 23:38:33'),(4,2,'1921-05-09 05:57:14'),(5,2,'1921-05-09 01:51:12'),(2,2,'1921-05-09 04:44:16'),(5,1,'1921-05-08 22:39:55'),(2,1,'1921-05-08 22:54:53'),(3,2,'1921-05-08 22:11:34'),(1,2,'1921-05-08 21:13:18'),(2,2,'1921-05-08 22:27:27'),(4,1,'1921-05-08 21:14:27'),(3,2,'1921-05-08 22:32:57'),(5,2,'1921-05-09 03:52:15'),(5,1,'1921-05-08 22:48:12'),(3,1,'1921-05-08 21:29:39'),(4,2,'1921-05-09 03:14:55'),(5,1,'1921-05-09 01:26:40'),(5,2,'1921-05-09 01:46:18'),(3,2,'1921-05-09 02:18:24'),(5,1,'1921-05-09 00:47:11'),(4,2,'1921-05-08 23:54:39'),(1,1,'1921-05-08 21:21:10'),(5,1,'1921-05-08 22:16:55'),(3,2,'1921-05-09 03:12:52'),(2,1,'1921-05-09 04:39:48'),(2,2,'1921-05-09 04:53:54'),(1,1,'1921-05-08 23:44:58'),(3,2,'1921-05-09 01:31:44'),(3,2,'1921-05-08 22:48:35'),(3,2,'1921-05-09 03:15:42'),(1,1,'1921-05-09 03:37:24'),(3,1,'1921-05-09 02:37:39'),(2,2,'1921-05-09 04:58:53'),(5,1,'1921-05-08 22:50:57'),(2,1,'1921-05-09 04:37:13'),(1,2,'1921-05-08 22:31:25'),(4,1,'1921-05-08 23:11:19'),(1,1,'1921-05-09 05:38:32'),(5,1,'1921-05-08 23:55:35'),(4,1,'1921-05-09 01:51:55'),(5,2,'1921-05-08 21:15:47'),(1,2,'1921-05-08 22:18:32'),(4,1,'1921-05-09 05:31:49'),(5,1,'1921-05-08 21:46:44'),(2,1,'1921-05-08 23:22:49'),(3,1,'1921-05-08 21:17:49'),(5,1,'1921-05-09 00:10:54'),(1,1,'1921-05-09 04:50:54'),(4,1,'1921-05-08 23:32:34'),(1,2,'1921-05-08 21:46:45'),(3,1,'1921-05-08 23:34:22'),(2,2,'1921-05-09 00:21:25'),(2,1,'1921-05-08 23:19:44'),(2,2,'1921-05-09 05:51:34'),(5,2,'1921-05-09 00:57:29'),(4,2,'1921-05-08 21:14:43'),(3,1,'1921-05-08 23:56:13'),(5,2,'1921-05-08 23:23:51'),(3,2,'1921-05-08 21:23:36'),(3,2,'1921-05-08 21:27:23'),(4,2,'1921-05-08 22:42:42'),(1,2,'1921-05-09 04:37:52'),(5,2,'1921-05-09 05:49:14'),(4,1,'1921-05-09 00:40:24'),(4,2,'1921-05-09 03:50:20'),(3,1,'1921-05-09 01:38:14'),(3,2,'1921-05-09 02:53:29'),(4,1,'1921-05-08 23:30:53'),(2,2,'1921-05-08 22:42:22'),(2,2,'1921-05-08 21:31:33'),(2,2,'1921-05-09 04:19:14'),(5,1,'1921-05-09 02:22:16'),(5,2,'1921-05-08 21:56:54'),(4,2,'1921-05-09 04:13:41'),(1,1,'1921-05-09 05:18:28'),(4,2,'1921-05-08 23:50:13'),(4,1,'1921-05-08 22:59:34'),(1,1,'1921-05-09 02:19:54'),(3,1,'1921-05-09 05:27:34'),(2,2,'1921-05-09 02:57:41'),(4,1,'1921-05-09 01:30:48'),(5,1,'1921-05-09 04:57:56'),(5,2,'1921-05-09 01:32:43'),(2,1,'1921-05-09 04:12:50'),(4,1,'1921-05-09 04:42:27'),(1,2,'1921-05-08 21:59:29'),(3,2,'1921-05-08 22:52:15'),(1,1,'1921-05-09 04:36:14'),(4,1,'1921-05-09 02:58:28'),(2,2,'1921-05-09 05:34:30'),(2,2,'1921-05-09 03:36:47'),(4,1,'1921-05-08 21:43:50'),(4,2,'1921-05-08 21:32:50'),(2,2,'1921-05-08 23:24:34'),(2,1,'1921-05-08 22:18:16'),(2,1,'1921-05-08 21:59:47'),(1,2,'1921-05-08 22:55:49'),(2,1,'1921-05-08 23:18:26'),(5,1,'1921-05-08 22:53:22'),(5,2,'1921-05-09 05:52:42'),(4,2,'1921-05-08 22:39:44'),(3,2,'1921-05-09 01:36:54'),(4,2,'1921-05-08 21:41:32'),(4,1,'1921-05-08 21:58:17'),(1,1,'1921-05-08 22:31:33'),(4,2,'1921-05-09 03:49:59'),(4,2,'1921-05-09 03:59:18'),(4,1,'1921-05-09 02:50:45'),(3,1,'1921-05-08 22:37:58'),(1,1,'1921-05-09 02:20:34'),(2,1,'1921-05-08 23:54:49'),(5,1,'1921-05-08 21:18:27'),(4,2,'1921-05-09 02:35:22'),(2,1,'1921-05-09 01:26:17'),(5,1,'1921-05-09 05:42:33'),(3,1,'1921-05-09 05:39:23'),(5,2,'1921-05-09 01:36:29'),(5,2,'1921-05-08 22:38:37'),(1,1,'1921-05-09 03:12:34'),(1,2,'1921-05-09 00:56:45'),(4,1,'1921-05-09 05:50:40'),(4,1,'1921-05-08 23:13:18'),(2,2,'1921-05-09 03:32:14'),(3,2,'1921-05-09 04:38:55'),(4,1,'1921-05-09 04:16:47'),(5,1,'1921-05-08 22:40:36'),(4,1,'1921-05-09 00:49:34'),(5,2,'1921-05-09 04:30:33'),(5,2,'1921-05-09 05:57:53'),(1,1,'1921-05-08 23:31:23'),(2,1,'1921-05-08 23:22:30'),(2,1,'1921-05-08 21:21:24'),(2,1,'1921-05-09 00:34:35'),(4,1,'1921-05-09 05:40:57'),(4,2,'1921-05-08 23:42:13'),(2,2,'1921-05-08 22:21:52'),(2,1,'1921-05-08 22:43:59'),(5,2,'1921-05-08 21:35:17'),(5,1,'1921-05-08 23:13:31'),(5,2,'1921-05-09 00:40:58'),(4,2,'1921-05-08 22:29:37'),(4,1,'1921-05-09 02:49:41');

create table factory(
	month int,
	day int,
	amount int
);

insert into factory values
(3,3,153),(6,23,-19),(2,13,-3),(1,10,9),(3,17,-1),(9,24,5),(10,20,-19),(8,8,-5),(12,5,-13),(10,15,-3),(2,13,-9),(5,15,7),(11,26,-7),(8,3,-9),(4,11,11),(7,15,1),(4,6,-13),(3,2,7),(4,4,13),(7,9,19),(11,26,-3),(10,15,-11),(3,8,19),(3,16,-9),(8,3,21),(2,26,-5),(6,27,-3),(11,6,15),(3,19,-19),(9,19,-19),(9,9,3),(12,26,19),(8,5,5),(6,4,13),(6,8,19),(11,5,17),(7,16,-5),(4,20,11),(9,24,5),(2,12,-9),(3,15,-13),(1,7,7),(11,24,-13),(8,10,-7),(4,2,7),(12,26,17),(11,1,-11),(2,7,-13),(12,12,-17),(10,18,-17),(3,6,-15),(6,12,13),(1,12,-13),(11,18,-17),(5,4,-11),(6,26,-9),(7,17,19),(7,2,-13),(7,26,3),(9,7,15),(6,22,19),(5,26,-9),(11,17,13),(2,19,-19),(1,13,-5),(1,1,-19),(5,1,15),(3,1,-19),(4,23,9),(12,20,-9),(12,6,-15),(1,25,-17),(2,26,1),(2,12,7),(7,22,11),(10,16,7),(9,27,17),(9,17,-7),(11,28,1),(12,9,7),(3,20,17),(2,1,11),(9,14,13),(6,25,-19),(2,6,-3),(11,27,11),(8,19,7),(1,11,17),(11,12,-17),(2,21,-1),(4,7,-5),(9,14,7),(7,26,-17),(2,5,21),(4,5,-9),(8,6,21),(6,11,-5),(9,20,11),(11,1,5),(7,25,11),(3,1,-15),(8,18,17),(11,28,-9),(4,17,19),(2,11,-3),(9,19,-9),(6,27,3),(7,11,13),(11,17,3),(3,21,9),(11,5,21),(12,16,-15),(6,3,-9),(10,18,13),(9,8,-19),(6,26,-11),(9,1,7),(9,22,-7),(10,5,21),(5,6,11),(12,14,-1),(1,3,19),(5,17,5),(6,17,-5),(11,9,21),(2,22,-9),(10,22,1),(6,17,-19),(4,3,-11),(9,18,15),(7,11,13),(5,23,21),(4,22,-15),(3,7,-11),(8,10,-5),(5,5,-11),(8,18,-13),(2,17,-3),(10,12,11),(10,11,11),(10,26,1),(3,16,3),(11,20,15),(5,22,-7),(10,6,-9),(10,4,-3),(1,5,7),(1,3,21),(3,28,1),(1,24,-19),(6,2,-1),(7,2,-7),(6,7,15),(1,22,-3),(2,6,1),(1,26,11),(7,24,1),(8,7,11),(9,28,-3),(12,18,1),(2,4,-1),(2,2,7),(9,16,13),(11,2,21),(1,21,15),(3,4,3),(2,5,5),(11,21,-13),(10,8,9),(3,7,-11),(5,15,21),(4,20,-15),(10,7,-7),(3,16,-9),(12,17,-9),(11,15,-19),(1,8,9),(2,1,-19),(7,13,19),(5,18,13),(12,24,15),(4,6,1),(6,13,-7),(4,7,-7),(3,10,-3),(6,27,-1),(6,13,-19),(12,11,-15),(5,4,5),(12,28,-17),(3,14,1),(9,19,21),(4,19,-17),(11,5,19),(12,25,19),(10,17,-5),(11,1,11),(3,23,-1),(6,23,-3),(9,7,19),(10,8,7),(12,11,-3),(3,16,-9),(10,15,9),(5,9,13),(11,9,21),(9,9,-9),(7,18,5),(1,20,13),(12,26,13),(7,22,-7),(11,5,3),(6,17,-19),(3,24,1),(10,21,9),(12,16,9),(7,6,-1),(3,3,3),(3,27,5),(8,14,-1),(3,20,-15),(1,10,-19),(5,4,-7),(8,21,-19),(4,25,-9),(2,25,-9),(11,24,5),(11,17,15),(5,18,-1),(9,1,7),(3,12,-1),(5,2,-17),(12,3,19),(3,13,-15),(1,5,-13),(1,4,-3),(10,27,-13),(8,12,19),(7,15,15),(12,20,-15),(3,27,11),(10,18,13),(4,14,-19),(9,26,-15),(3,18,-11),(7,4,3),(6,13,-5),(12,25,-3),(3,19,9),(11,23,-19),(10,18,21),(8,4,21),(4,17,-11),(8,15,-13),(3,16,-9),(5,22,17),(7,11,-3),(2,28,15),(4,15,17),(6,20,-19),(2,3,-7),(11,27,13),(10,10,-17),(5,26,1),(6,19,9),(10,14,21),(2,7,9),(8,28,-5),(8,20,1),(1,10,-19),(10,9,-17),(3,28,1),(1,6,9),(8,22,15),(12,15,-3),(6,25,15),(4,8,-17),(4,21,13),(5,26,13),(8,19,11),(5,25,9),(1,10,-13),(2,4,5),(5,16,15),(10,21,9),(3,17,-9),(11,2,19),(12,6,-19),(9,7,-19),(3,8,21),(6,11,-19),(7,8,-13),(8,1,1),(1,15,-3),(9,1,15),(10,27,9),(6,16,5),(9,10,-11),(1,16,13),(3,14,17),(1,22,15),(2,17,1),(6,15,15),(10,25,13),(1,24,13),(5,5,9),(5,27,-17),(9,10,-15),(5,16,-9),(11,21,-5),(5,24,-11),(7,15,7),(9,16,-3),(12,9,11),(2,15,5),(10,12,-17),(6,28,-17),(11,22,-3),(11,2,-15),(3,24,19),(7,13,7),(3,7,-11),(10,1,5),(12,2,-7),(2,24,-9),(1,16,13),(9,25,1),(12,25,-17),(11,2,5),(6,17,3),(3,21,-3),(4,6,-9),(11,22,-15),(11,27,17),(3,4,5),(8,16,-15),(11,26,15),(3,28,15),(8,17,-7),(12,24,9),(8,28,21),(2,8,5),(10,18,-11),(12,15,5),(5,20,-19),(11,14,1),(12,1,21),(11,21,13),(5,28,-13),(3,10,17),(11,26,7),(7,14,21),(1,21,-11),(9,13,13),(12,14,15),(9,18,19),(2,17,7),(10,24,13),(11,21,-7),(10,25,11),(6,9,13),(9,2,-3),(8,11,-17),(2,16,11),(3,17,-17),(9,16,9),(6,23,21),(12,25,1),(1,10,11),(11,4,5),(11,14,21),(4,1,13),(7,28,17),(5,28,21),(3,7,15),(2,19,3),(8,6,13),(9,14,-7),(5,12,21),(4,3,-17),(9,15,1),(11,27,-11),(12,8,5),(4,11,-15),(9,3,-3),(8,26,19),(8,12,17),(3,19,-19),(12,23,5),(9,15,-13),(10,24,-9),(12,16,5),(2,2,9),(3,9,5),(8,3,11),(5,18,-17),(6,8,7),(2,1,21),(1,25,7),(12,8,-15),(11,2,7),(12,23,-3),(6,25,17),(5,6,-3),(10,3,-9),(3,1,-5),(4,2,-5),(6,13,7),(5,17,-3),(4,4,-11),(3,15,21),(9,26,-3),(4,18,-19),(4,17,1),(2,14,-13),(4,25,-5),(9,23,-3),(2,7,7),(11,18,5),(12,7,-7),(2,5,-19),(12,20,15),(6,24,-9),(8,6,15),(7,9,-19),(4,7,-9),(9,9,-19),(4,4,19),(5,8,-11),(5,16,5),(4,10,-7),(10,16,11),(8,5,15),(7,7,1),(2,24,-11),(11,16,-7),(3,2,15),(8,24,-3),(3,15,-11),(9,18,15),(11,27,11),(7,25,-19),(3,8,9),(2,7,-7),(9,19,-13),(7,24,11),(5,27,-7),(10,7,1),(6,21,-19),(5,11,13),(12,9,-5),(11,23,1),(9,13,19),(10,28,-19),(3,21,-1),(5,9,-3),(4,19,3),(12,15,17),(2,17,21),(8,20,-19),(7,12,-7),(11,26,-19),(3,9,5),(8,14,-5),(7,5,11),(11,21,-13),(1,3,11),(1,28,15),(5,7,-1),(7,13,-19),(12,27,11),(6,20,5),(1,18,19),(9,14,7),(5,22,-17),(5,18,-15),(2,14,7),(5,11,15),(2,18,9),(11,12,-1),(2,13,-1),(10,14,5),(3,26,21),(9,19,21),(7,22,-7),(3,6,-1),(12,1,3),(12,22,11),(10,5,7),(11,10,17),(2,5,15),(1,26,-3),(7,8,21),(1,23,3),(3,17,-13),(1,25,9),(12,3,-7),(2,8,3),(12,9,-7);

